boxcd,beginstorecd,endstorecd,dateofshipment,weightofshipment,shipmentinsurrancecost,basevalue
QH,173,222,09/15/2019,16.501,3.0502,154
MA,150,221,10/13/2019,13.977,2.8143,143
DX,105,259,01/01/2019,25.291,3.4814,97
DG,164,261,03/20/2019,30.681,2.6958,126
GJ,118,262,09/17/2019,42.328,3.173,159
MA,194,202,07/10/2019,16.512,2.4107,145
DA,140,264,07/25/2019,5.377,2.8689,165
MA,199,208,07/12/2019,8.024,2.8215,193
GD,121,208,03/22/2019,26.07,2.8215,100
EC,115,267,07/06/2019,42.522,2.7959,182
DM,128,232,03/18/2019,11.418,2.342,114
QH,179,219,03/23/2019,43.805,2.8079,148
QH,131,277,04/21/2019,49.429,3.1782,115
DX,148,257,06/02/2019,9.305,2.6069,120
KH,152,246,08/02/2019,48.632,3.1293,97
BQ,120,245,11/22/2019,42.387,2.5591,100
QH,189,273,11/13/2019,46.363,2.9807,149
KH,110,296,10/08/2019,5.175,3.0176,93
GJ,105,265,08/20/2019,28.627,3.4389,140
KH,192,228,07/07/2019,41.754,2.967,113
FD,161,292,05/17/2019,16.963,3.1278,170
FD,150,258,12/19/2019,5.973,3.3685,194
NC,200,263,06/18/2019,50.881,3.0751,170
KQ,117,246,03/07/2019,11.625,3.1293,136
DM,134,201,04/19/2019,39.686,2.866,146
DA,151,215,02/16/2019,6.059,2.4507,117
KH,168,270,06/25/2019,50.234,2.9082,111
DM,186,219,12/11/2019,11.821,2.8079,172
FD,155,245,03/04/2019,20.454,2.5591,165
DX,186,269,11/06/2019,9.216,3.0089,127
KQ,136,286,09/20/2019,35.453,3.1207,188
KH,149,287,06/21/2019,35.074,3.8227,103
DX,143,209,05/08/2019,8.69,2.9477,158
GD,189,275,06/07/2019,35.064,3.3317,172
GJ,122,299,08/23/2019,23.162,3.1374,109
DX,161,231,02/05/2019,14.65,2.756,93
DG,178,211,06/24/2019,37.38,2.3579,96
KH,101,296,12/24/2019,30.092,3.0176,103
EC,150,229,07/24/2019,9.51,3.0343,111
KQ,198,233,07/23/2019,38.776,3.102,91
QH,111,298,04/08/2019,40.731,3.6524,156
MA,159,259,10/25/2019,20.599,3.4814,195
DA,199,273,05/17/2019,29.692,2.9807,148
FD,114,238,04/12/2019,12.949,2.6282,159
DX,116,211,01/23/2019,27.993,2.1544,119
KQ,102,270,05/24/2019,48.748,2.9082,160
EC,131,204,12/10/2019,32.416,2.1066,159
DG,186,235,07/15/2019,43.283,2.3718,190
NC,135,298,02/07/2019,37.572,3.6524,173
DM,178,254,06/13/2019,24.038,2.7602,164
DM,167,279,07/22/2019,40.13,3.6969,121
DM,133,266,10/20/2019,49.512,3.5317,159
QH,163,296,06/13/2019,12.13,3.0176,162
KQ,151,293,12/11/2019,48.973,3.8575,115
DA,128,254,05/25/2019,29.466,2.7602,105
BQ,127,217,03/04/2019,49.179,2.8626,105
EC,104,252,10/22/2019,10.472,2.7878,180
DX,196,300,02/14/2019,6.498,3.7656,145
DM,130,264,06/07/2019,34.902,2.8689,130
KH,151,278,02/05/2019,40.465,3.1942,158
FD,119,277,10/05/2019,39.806,3.1782,145
DG,191,248,12/06/2019,23.418,2.7491,175
KQ,101,265,06/03/2019,5.977,3.4389,111
DG,147,203,10/07/2019,18.102,2.1137,192
EC,161,220,10/10/2019,45.725,2.527,92
FD,139,242,11/12/2019,37.931,2.8058,183
GJ,186,209,03/08/2019,31.697,2.9477,127
GD,161,207,03/21/2019,43.878,2.5592,179
GD,158,269,11/09/2019,28.981,3.0089,193
KQ,189,256,07/23/2019,13.941,2.6911,156
KH,147,299,06/09/2019,29.416,3.1374,99
DX,141,232,08/16/2019,49.395,2.342,128
NC,169,281,07/10/2019,21.383,3.2165,164
BQ,120,255,08/01/2019,6.148,3.5192,146
DM,140,250,10/06/2019,19.896,2.5469,124
FD,178,265,04/25/2019,23.249,3.4389,152
GD,196,274,02/19/2019,10.551,3.5451,91
DA,139,287,01/05/2019,17.503,3.8227,128
GJ,108,281,05/20/2019,27.512,3.2165,161
GD,185,257,01/17/2019,5.475,2.6069,144
MA,147,222,03/02/2019,27.35,3.0502,138
DA,188,286,03/05/2019,37.781,3.1207,184
GD,181,215,04/02/2019,27.564,2.5645,137
DM,132,230,08/23/2019,30.071,2.6565,187
BQ,199,265,12/04/2019,48.44,3.4389,164
FD,147,231,02/04/2019,16.174,2.756,167
BQ,112,222,05/09/2019,27.929,3.0502,192
QH,127,241,05/23/2019,27.623,2.8749,125
KQ,116,226,08/10/2019,47.491,3.032,100
FD,107,235,07/21/2019,17.782,2.3718,108
DM,138,286,06/10/2019,28.62,3.1207,93
MA,108,266,03/19/2019,46.918,3.5317,119
DG,181,269,04/02/2019,49.649,3.0089,130
GD,136,286,05/15/2019,18.119,3.1207,143
NC,145,290,11/12/2019,32.345,3.6566,175
DG,178,283,05/08/2019,48.179,3.0471,186
BQ,155,232,09/14/2019,28.734,2.342,96
DX,147,266,05/03/2019,49.581,3.5317,119
QH,150,231,08/13/2019,5.781,2.756,181
BQ,148,237,03/25/2019,44.318,2.9343,162
EC,100,227,04/10/2019,20.987,2.4715,137
GJ,187,215,01/21/2019,37.335,2.4507,155
KH,110,250,07/07/2019,29.008,2.5469,98
BQ,100,263,07/17/2019,35.223,3.0751,167
DM,151,245,06/18/2019,8.76,2.5591,149
EC,186,277,09/20/2019,15.245,3.1782,128
DM,146,274,11/17/2019,43.19,3.5451,106
EC,104,285,08/05/2019,26.018,3.7133,186
BQ,113,296,10/05/2019,32.112,3.0176,115
EC,157,206,04/11/2019,18.418,2.4866,147
NC,115,236,12/01/2019,50.73,2.6797,126
DM,189,213,04/13/2019,49.539,2.853,107
MA,144,228,07/20/2019,49.785,2.967,180
DA,125,271,10/25/2019,37.851,3.4565,163
MA,125,254,03/11/2019,41.243,2.7602,115
MA,146,300,01/08/2019,32.497,3.7656,156
DG,184,290,07/09/2019,46.187,3.6566,155
EC,111,260,04/13/2019,48.651,2.7014,188
DX,184,287,04/18/2019,9.174,3.8227,192
BQ,153,298,12/05/2019,7.593,3.6524,145
QH,187,290,04/06/2019,32.119,3.6566,132
QH,122,241,03/06/2019,9.885,2.8749,178
NC,135,271,07/01/2019,22.172,3.4565,111
KQ,200,230,11/07/2019,30.437,2.9858,141
KH,128,284,08/22/2019,11.187,3.3381,114
NC,199,230,07/08/2019,8.497,2.6565,128
GD,181,248,02/09/2019,22.31,2.7491,118
DX,113,213,04/19/2019,10.527,2.853,112
GJ,172,256,04/24/2019,50.246,2.6911,155
EC,119,287,02/07/2019,13.873,3.8227,93
GD,162,259,08/17/2019,49.364,3.4814,105
QH,161,270,01/10/2019,37.623,2.9082,142
QH,174,297,05/06/2019,28.567,3.8192,107
GD,121,212,07/25/2019,44.438,2.7537,191
DX,186,270,02/09/2019,35.63,2.9082,116
DM,107,247,01/14/2019,37.318,3.243,177
DM,117,220,12/10/2019,25.788,2.4663,186
DM,121,226,04/09/2019,24.751,3.032,191
KH,161,287,05/03/2019,41.296,3.8227,183
GJ,123,228,06/22/2019,29.209,2.967,130
GJ,116,216,04/10/2019,11.605,3.0758,104
DX,191,216,11/04/2019,5.478,3.0758,98
QH,152,233,04/05/2019,37.743,3.102,187
DX,191,287,08/09/2019,8.92,3.8227,172
KH,144,255,12/22/2019,10.157,3.5192,141
DG,151,284,03/03/2019,7.87,3.3381,157
EC,122,297,01/18/2019,36.664,3.8192,120
FD,122,242,11/12/2019,8.497,2.8058,100
EC,111,228,05/11/2019,16.109,2.967,173
DX,101,225,03/15/2019,35.374,2.521,191
FD,140,250,02/02/2019,18.511,2.5469,98
GJ,177,202,06/23/2019,8.887,2.3925,112
KH,162,227,12/24/2019,44.027,2.4715,144
DG,196,224,01/24/2019,41.63,3.0829,169
FD,197,261,11/13/2019,41.32,2.6958,127
QH,165,265,02/09/2019,47.538,3.4389,114
KQ,189,297,07/20/2019,23.323,3.8192,194
BQ,133,235,04/18/2019,13.757,2.3718,175
KQ,184,222,10/18/2019,20.566,3.0502,135
KQ,187,227,11/24/2019,8.277,2.4715,108
FD,118,259,01/03/2019,49.316,3.4814,157
DX,163,239,08/15/2019,39.305,2.6335,117
GJ,199,231,10/25/2019,20.902,2.756,160
GJ,165,283,08/02/2019,7.246,3.0471,97
BQ,180,201,12/24/2019,9.528,2.866,182
DA,124,221,02/01/2019,48.851,2.8143,147
GD,124,267,06/05/2019,27.793,2.7959,111
DX,130,216,07/24/2019,40.022,3.0758,117
DG,185,231,03/12/2019,5.708,2.756,123
EC,168,210,12/24/2019,10.395,3.0772,118
NC,111,298,01/12/2019,22.458,3.6524,169
KQ,104,259,07/01/2019,39.449,3.4814,164
KQ,134,247,04/24/2019,30.56,3.243,179
GJ,131,293,09/01/2019,29.424,3.8575,153
BQ,157,232,04/22/2019,17.43,2.342,127
MA,118,296,06/01/2019,20.069,3.0176,94
DG,151,274,01/22/2019,7.253,3.5451,145
DA,158,287,05/12/2019,31.799,3.8227,171
DG,100,213,07/13/2019,15.828,2.853,160
DX,103,239,06/03/2019,23.707,2.6335,193
QH,188,225,11/19/2019,10.492,2.521,107
QH,182,206,01/17/2019,10.562,2.5084,169
QH,149,284,04/19/2019,9.889,3.3381,157
NC,135,300,08/11/2019,8.217,3.7656,159
DG,120,256,01/07/2019,32.284,2.6911,159
GD,103,300,03/23/2019,50.281,3.7656,100
DX,169,252,08/17/2019,35.466,2.7878,178
MA,191,272,01/22/2019,45.4,2.929,132
KQ,189,245,10/14/2019,18.707,2.68,156
KH,176,296,01/12/2019,34.11,3.0176,165
NC,110,248,02/09/2019,18.041,2.7491,121
GD,181,254,07/06/2019,15.193,2.7602,140
QH,120,238,11/02/2019,23.191,2.6282,190
QH,172,204,06/01/2019,33.469,2.4496,94
DG,168,265,04/07/2019,13.644,3.4389,187
DA,198,252,11/12/2019,10.395,2.7878,118
DX,137,263,01/21/2019,47.708,3.0751,155
DM,119,261,08/17/2019,14.194,2.6958,162
EC,199,203,02/04/2019,46.511,2.5445,144
MA,119,238,04/22/2019,30.806,2.6282,122
DA,134,297,01/17/2019,30.707,3.8192,142
GD,173,254,11/24/2019,44.641,2.7602,135
NC,115,283,06/02/2019,33.551,3.0471,114
MA,154,277,01/19/2019,49.235,3.1782,97
DM,156,237,02/11/2019,11.212,2.9343,184
DX,185,257,08/13/2019,10.784,2.6069,128
DX,102,245,08/01/2019,22.838,2.5591,117
MA,177,278,07/06/2019,19.256,3.1942,118
KH,175,229,12/04/2019,31.619,3.0343,187
EC,191,238,07/07/2019,26.299,2.6282,184
DA,167,213,04/04/2019,39.965,2.853,90
KH,119,253,10/06/2019,8.543,3.3583,192
DX,167,219,01/16/2019,41.944,2.8079,106
NC,176,255,02/02/2019,25.804,3.5192,136
GD,162,204,06/11/2019,6.517,2.1066,182
QH,169,255,12/11/2019,13.307,3.5192,122
DX,100,209,11/23/2019,27.734,2.9477,95
DA,104,285,05/04/2019,7.166,3.7133,92
FD,123,227,09/07/2019,35.004,2.4715,172
NC,113,260,11/04/2019,33.565,2.7014,131
DM,194,249,08/03/2019,30.618,2.9586,188
GJ,151,207,04/11/2019,47.143,2.5592,130
FD,184,292,11/24/2019,7.069,3.1278,137
MA,137,219,08/18/2019,6.035,2.8079,135
BQ,121,286,11/24/2019,25.189,3.1207,123
DM,111,298,08/17/2019,12.446,3.6524,117
GD,102,290,06/01/2019,32.748,3.6566,125
DX,184,300,07/14/2019,9.874,3.7656,194
FD,113,238,03/23/2019,15.069,2.6282,161
GJ,190,238,03/05/2019,36.819,2.6282,158
GD,198,226,05/09/2019,46.076,3.032,117
FD,131,281,11/01/2019,8.196,3.2165,145
FD,197,247,11/24/2019,5.136,3.243,168
GJ,106,224,08/06/2019,40.763,3.0829,104
KH,195,238,06/09/2019,40.627,2.6522,179
KH,101,261,04/16/2019,21.882,2.6958,169
DM,153,293,09/06/2019,33.061,3.8575,130
MA,200,219,04/02/2019,36.852,2.9858,158
NC,132,281,08/05/2019,39.6,3.2165,189
FD,154,228,08/18/2019,38.757,2.967,193
MA,115,223,04/24/2019,34.461,2.5801,132
FD,131,232,10/04/2019,29.872,2.342,176
BQ,178,268,10/11/2019,41.584,2.9844,97
DX,114,205,02/06/2019,22.392,2.9655,160
DM,117,209,03/10/2019,7.089,2.9477,109
DG,159,269,11/14/2019,14.935,3.0089,111
DM,143,229,09/10/2019,30.653,3.0343,133
DM,126,266,03/18/2019,44.324,3.5317,109
MA,131,280,04/06/2019,9.861,3.3355,152
NC,129,233,02/08/2019,15.21,3.102,100
MA,154,284,02/25/2019,45.701,3.3381,187
BQ,198,214,09/05/2019,35.716,3.015,133
KQ,157,261,10/20/2019,18.957,2.6958,112
EC,135,289,01/08/2019,5.36,3.7553,141
DM,146,299,07/15/2019,17.884,3.1374,194
BQ,127,279,10/19/2019,6.839,3.6969,128
FD,124,265,11/21/2019,12.193,3.4389,176
GJ,176,206,03/18/2019,41.176,2.4866,143
DX,172,210,09/20/2019,48.364,3.0772,140
QH,103,299,06/07/2019,45.614,3.1374,108
DM,184,274,08/17/2019,23.335,3.5451,193
QH,154,231,01/09/2019,46.545,2.756,94
DA,113,298,06/24/2019,21.562,3.6524,138
EC,120,227,01/21/2019,26.979,2.4715,165
DM,122,236,05/12/2019,14.31,2.6797,194
DA,187,210,04/17/2019,7.386,3.0772,168
DG,194,244,10/02/2019,36.231,3.0959,152
BQ,139,228,07/18/2019,41.377,2.967,93
EC,145,217,05/04/2019,18.165,2.8626,160
KQ,140,223,09/14/2019,27.904,2.5801,145
DA,122,293,02/24/2019,36.3,3.8575,93
DM,195,212,04/19/2019,15.429,2.7537,189
KH,104,298,03/24/2019,47.667,3.6524,153
NC,120,239,03/04/2019,15.131,2.6335,126
DX,115,211,09/10/2019,11.325,2.1544,168
QH,170,269,03/12/2019,21.517,3.0089,127
KH,146,282,02/13/2019,32.772,3.3723,185
GD,138,239,06/22/2019,8.501,2.6335,131
GJ,123,225,06/07/2019,31.117,2.521,102
EC,126,211,02/10/2019,46.536,2.1544,120
KQ,137,230,01/02/2019,20.398,2.6565,177
DM,143,300,06/24/2019,24.337,3.7656,106
DG,133,281,07/14/2019,13.43,3.2165,120
DX,134,287,02/15/2019,13.942,3.8227,181
EC,108,244,08/15/2019,13.828,3.0959,121
DM,133,224,11/03/2019,31.721,3.0829,158
KQ,101,241,05/16/2019,15.922,2.8749,191
DA,180,281,01/02/2019,6.256,3.2165,123
BQ,127,253,11/10/2019,21.444,3.3583,158
NC,126,263,03/25/2019,20.22,3.0751,189
DM,114,285,01/01/2019,16.8,3.7133,175
DG,199,232,03/21/2019,35.472,2.5445,140
BQ,200,237,10/25/2019,48.692,2.9858,113
DA,113,270,09/07/2019,42.523,2.9082,154
BQ,160,279,11/04/2019,24.566,3.6969,91
BQ,147,271,07/19/2019,48.644,3.4565,107
KQ,144,266,07/15/2019,29.277,3.5317,140
EC,140,214,07/10/2019,11.591,3.015,193
KH,176,243,05/21/2019,44.423,2.8157,192
NC,171,233,06/18/2019,27.694,3.102,168
GJ,154,294,09/20/2019,6.439,3.1589,95
KH,121,265,01/16/2019,17.558,3.4389,182
BQ,167,265,01/16/2019,9.963,3.4389,188
FD,183,276,11/11/2019,32.841,3.5743,95
BQ,118,280,10/09/2019,49.149,3.3355,180
NC,156,277,03/06/2019,36.943,3.1782,109
KH,195,272,11/13/2019,16.467,2.929,109
FD,112,250,04/19/2019,15.282,2.5469,96
MA,159,282,12/14/2019,12.687,3.3723,161
DM,137,219,10/02/2019,8.095,2.8079,140
DX,115,258,12/15/2019,32.438,3.3685,137
DX,120,215,07/05/2019,30.747,2.4507,174
DX,157,214,05/15/2019,31.254,3.015,144
EC,144,263,01/03/2019,34.695,3.0751,104
BQ,104,288,07/17/2019,36.48,3.5107,155
MA,155,288,10/15/2019,35.11,3.5107,147
MA,129,219,04/09/2019,9.626,2.8079,110
KQ,124,243,03/15/2019,46.773,2.8157,156
EC,180,278,01/23/2019,21.776,3.1942,167
QH,132,292,06/12/2019,8.169,3.1278,134
GD,110,280,10/24/2019,26.64,3.3355,122
EC,197,253,04/24/2019,34.405,3.3583,163
KH,187,234,09/17/2019,18.72,3.3284,151
DA,138,247,07/04/2019,25.163,3.243,173
MA,195,289,08/07/2019,22.743,3.7553,187
BQ,190,284,09/21/2019,43.928,3.3381,97
QH,117,300,10/11/2019,6.064,3.7656,168
KH,200,269,05/13/2019,19.831,3.0089,181
GJ,148,251,10/13/2019,19.634,2.5573,170
GJ,186,272,11/08/2019,24.671,2.929,93
QH,177,266,03/20/2019,41.496,3.5317,165
KQ,189,289,02/24/2019,50.929,3.7553,172
DM,135,258,11/20/2019,14.667,3.3685,135
DX,104,284,01/12/2019,16.797,3.3381,150
GD,149,221,02/04/2019,23.394,2.8143,93
DX,184,250,11/04/2019,50.357,2.5469,151
DM,132,251,07/02/2019,6.583,2.5573,155
FD,127,250,12/05/2019,40.25,2.5469,164
KH,199,246,12/04/2019,18.153,3.1293,90
GJ,156,214,03/18/2019,9.329,3.015,144
BQ,189,207,03/16/2019,34.476,2.68,184
MA,123,277,11/13/2019,9.38,3.1782,147
DM,116,262,05/12/2019,26.085,3.173,152
DX,167,285,09/08/2019,5.976,3.7133,157
QH,172,249,12/14/2019,27.092,2.9586,119
DX,193,224,09/03/2019,39.307,3.0829,93
QH,108,268,04/22/2019,14.916,2.9844,114
QH,134,286,06/06/2019,36.712,3.1207,185
GD,191,252,02/19/2019,44.341,2.7878,160
KH,144,204,06/19/2019,6.607,2.4187,129
BQ,191,281,08/05/2019,50.227,3.2165,130
FD,110,211,04/17/2019,39.471,2.1544,102
FD,126,285,12/06/2019,28.9,3.7133,144
KH,193,229,09/08/2019,5.559,3.0343,163
BQ,153,285,04/03/2019,8.279,3.7133,142
DG,186,216,02/01/2019,35.729,3.0758,133
DA,122,265,01/03/2019,43.064,3.4389,129
DX,162,290,03/22/2019,26.174,3.6566,186
DG,162,246,02/02/2019,11.158,3.1293,91
DM,165,247,09/03/2019,28.76,3.243,102
DG,136,258,10/12/2019,35.18,3.3685,140
FD,148,290,01/16/2019,8.98,3.6566,119
BQ,182,289,05/19/2019,6.8,3.7553,115
GJ,178,286,02/20/2019,10.974,3.1207,100
FD,110,258,03/21/2019,49.921,3.3685,123
GJ,144,297,07/10/2019,45.058,3.8192,161
DG,159,228,10/01/2019,42.691,2.967,194
DX,160,293,06/13/2019,8.736,3.8575,103
DA,123,245,08/18/2019,45.3,2.5591,103
KH,104,286,06/08/2019,18.504,3.1207,185
EC,142,249,03/13/2019,19.995,2.9586,93
DX,123,242,01/07/2019,35.584,2.8058,145
GD,193,269,11/20/2019,22.604,3.0089,123
MA,198,205,12/08/2019,34.859,2.9655,162
NC,154,297,11/17/2019,18.905,3.8192,121
EC,105,281,06/11/2019,8.617,3.2165,105
GJ,148,222,07/11/2019,39.492,3.0502,91
KQ,148,220,11/08/2019,28.327,2.4663,91
FD,141,216,02/18/2019,32.356,3.0758,176
DG,129,245,10/23/2019,22.627,2.5591,102
GD,160,206,10/19/2019,11.48,2.4866,105
DG,148,263,06/01/2019,18.827,3.0751,152
DG,117,244,08/09/2019,21.762,3.0959,149
EC,115,227,03/22/2019,22.395,2.4715,128
EC,198,237,10/05/2019,27.263,2.9343,146
DX,108,300,11/20/2019,26.456,3.7656,90
DX,137,217,08/23/2019,41.345,2.8626,104
NC,176,219,09/23/2019,50.005,2.8079,182
EC,151,224,12/05/2019,23.045,3.0829,154
FD,157,218,05/19/2019,14.794,3.0053,178
DG,133,262,04/04/2019,33.505,3.173,102
GJ,124,293,09/21/2019,26.285,3.8575,90
QH,144,228,08/07/2019,50.337,2.967,106
GD,118,288,02/18/2019,32.842,3.5107,138
FD,111,274,01/11/2019,7.996,3.5451,119
DX,174,275,02/15/2019,44.868,3.3317,151
DM,178,224,11/08/2019,48.528,3.0829,119
NC,121,281,02/06/2019,21.691,3.2165,143
BQ,184,212,04/20/2019,7.463,2.7537,172
BQ,188,221,06/11/2019,47.211,2.8143,113
FD,194,237,11/18/2019,12.134,2.9343,144
KQ,119,202,01/21/2019,39.97,2.3925,133
FD,121,236,11/23/2019,45.831,2.6797,176
DG,112,270,05/06/2019,9.936,2.9082,98
GD,121,243,02/17/2019,20.624,2.8157,135
NC,165,209,01/08/2019,47.23,2.9477,178
DM,115,289,05/10/2019,45.176,3.7553,149
EC,178,300,12/08/2019,35.807,3.7656,164
MA,131,253,10/04/2019,23.631,3.3583,92
DA,151,294,04/22/2019,44.642,3.1589,123
DM,115,287,07/17/2019,41.796,3.8227,141
GJ,194,219,10/15/2019,43.682,2.8079,153
DG,191,203,08/19/2019,47.738,2.3817,179
DA,182,291,11/17/2019,38.495,3.142,130
DA,101,279,02/25/2019,31.187,3.6969,116
NC,129,278,05/13/2019,29.604,3.1942,178
FD,159,293,08/05/2019,41.43,3.8575,167
EC,195,284,03/13/2019,49.164,3.3381,102
GD,169,245,12/20/2019,34.478,2.5591,166
DX,106,262,09/25/2019,26.171,3.173,105
GD,136,260,08/18/2019,39.105,2.7014,132
BQ,102,267,04/18/2019,18.927,2.7959,161
QH,102,201,12/13/2019,48.803,2.866,170
KQ,100,276,11/12/2019,50.834,3.5743,166
QH,116,254,04/21/2019,6.532,2.7602,126
GJ,142,298,08/19/2019,25.568,3.6524,166
MA,121,295,04/07/2019,30.15,3.2614,189
GD,123,205,02/23/2019,24.492,2.9655,159
BQ,169,207,04/15/2019,43.753,2.5592,150
DX,199,257,11/01/2019,36.845,2.6069,144
DA,198,275,12/17/2019,48.064,3.3317,96
MA,191,241,12/13/2019,35.201,2.8749,106
GJ,191,205,08/22/2019,36.907,2.9655,169
DX,197,296,10/10/2019,48.794,3.0176,170
DG,147,264,10/15/2019,12.528,2.8689,141
KQ,189,263,06/10/2019,45.63,3.0751,121
KH,169,207,04/12/2019,24.538,2.5592,182
GJ,103,226,10/17/2019,18.887,3.032,165
NC,172,278,01/19/2019,7.164,3.1942,117
NC,139,288,09/01/2019,35.327,3.5107,119
GJ,149,219,08/23/2019,45.07,2.8079,100
DX,178,208,02/21/2019,17.288,2.8215,192
KQ,129,243,08/09/2019,23.047,2.8157,194
BQ,114,300,02/16/2019,27.806,3.7656,193
GD,121,278,02/02/2019,46.329,3.1942,103
DG,102,293,05/20/2019,37.324,3.8575,183
EC,149,270,03/11/2019,6.555,2.9082,120
GJ,137,260,08/08/2019,12.749,2.7014,187
DA,168,267,11/11/2019,24.108,2.7959,164
FD,189,208,07/20/2019,7.117,2.8215,112
DM,106,237,08/06/2019,13.092,2.9343,170
FD,155,278,06/21/2019,5.031,3.1942,171
EC,200,287,01/09/2019,19.297,3.8227,122
FD,170,237,04/25/2019,40.203,2.9343,141
QH,148,254,09/03/2019,11.294,2.7602,143
KQ,180,284,09/08/2019,47.766,3.3381,170
MA,131,233,07/25/2019,6.502,3.102,133
BQ,133,276,09/03/2019,23.817,3.5743,170
DA,194,219,10/05/2019,42.456,2.8079,149
KH,185,207,03/01/2019,5.121,2.5592,160
BQ,180,242,12/11/2019,45.131,2.8058,153
GJ,137,245,01/10/2019,21.606,2.5591,107
KQ,198,226,10/04/2019,23.469,3.032,146
DM,146,247,05/11/2019,47.12,3.243,147
DA,187,215,02/15/2019,19.258,2.4507,139
EC,145,263,06/05/2019,50.018,3.0751,144
DM,135,288,03/25/2019,43.665,3.5107,126
GD,166,273,09/17/2019,28.016,2.9807,162
DX,164,270,09/18/2019,17.425,2.9082,167
KH,170,211,04/03/2019,20.583,2.1544,178
MA,181,293,11/17/2019,15.392,3.8575,138
DM,106,230,09/01/2019,32.424,2.6565,115
DX,154,254,07/19/2019,16.215,2.7602,161
MA,139,226,04/04/2019,13.658,3.032,148
GD,107,270,02/17/2019,17.68,2.9082,102
QH,193,215,02/05/2019,32.687,2.4507,137
BQ,164,295,08/05/2019,9.288,3.2614,95
DA,104,235,09/08/2019,40.463,2.3718,189
FD,141,281,07/05/2019,15.623,3.2165,143
DG,192,295,07/09/2019,50.206,3.2614,127
DX,187,220,08/02/2019,6.478,2.4663,114
BQ,197,293,01/16/2019,41.984,3.8575,193
DG,118,204,03/01/2019,20.202,2.1066,125
FD,127,218,09/14/2019,27.988,3.0053,194
BQ,101,298,09/10/2019,7.3,3.6524,186
DG,192,226,12/07/2019,35.375,3.032,136
DX,166,289,10/13/2019,6.949,3.7553,121
DM,143,237,02/15/2019,43.225,2.9343,125
DX,161,258,05/16/2019,23.027,3.3685,141
FD,108,263,11/09/2019,48.405,3.0751,181
DM,143,221,06/08/2019,19.571,2.8143,192
BQ,190,282,09/24/2019,41.915,3.3723,95
DM,190,237,02/21/2019,48.033,2.9343,104
KH,196,280,09/25/2019,30.747,3.3355,179
QH,200,214,12/01/2019,44.835,3.015,106
GD,124,268,07/20/2019,21.341,2.9844,128
GD,116,234,08/22/2019,35.753,3.3284,131
EC,160,296,11/11/2019,18.329,3.0176,175
MA,100,231,06/17/2019,47.806,2.756,162
DA,131,246,12/01/2019,19.709,3.1293,115
EC,101,216,10/22/2019,25.806,3.0758,193
NC,132,233,04/24/2019,38.079,3.102,90
FD,135,298,08/09/2019,13.465,3.6524,120
GD,125,207,08/23/2019,8.194,2.5592,142
DX,181,241,06/06/2019,32.502,2.8749,101
DM,191,257,07/14/2019,11.626,2.6069,137
DM,152,285,02/18/2019,5.328,3.7133,165
DX,170,268,02/20/2019,7.771,2.9844,147
BQ,140,272,05/01/2019,26.281,2.929,134
GJ,160,258,01/15/2019,27.257,3.3685,103
GD,104,222,06/18/2019,21.586,3.0502,194
KH,135,225,06/06/2019,46.517,2.521,192
NC,147,214,03/22/2019,39.764,3.015,167
DM,175,290,06/09/2019,21.459,3.6566,156
NC,146,222,07/25/2019,7.07,3.0502,143
DG,189,238,02/20/2019,9.613,2.68,159
GD,172,246,12/05/2019,37.909,3.1293,171
KQ,174,207,10/07/2019,47.302,2.5592,111
GD,100,265,08/11/2019,14.503,3.4389,133
KQ,198,259,05/09/2019,34.986,3.4814,139
MA,191,232,12/25/2019,18.502,2.3817,111
DM,112,206,02/04/2019,32.69,2.4866,169
EC,156,233,09/06/2019,25.694,3.102,172
EC,141,273,10/01/2019,25.915,2.9807,109
NC,170,205,04/04/2019,45.142,2.9655,94
DX,187,277,10/24/2019,7.717,3.1782,168
FD,174,288,09/21/2019,6.929,3.5107,90
DX,124,248,06/19/2019,46.43,2.7491,164
GJ,153,241,10/11/2019,23.317,2.8749,94
DX,122,287,09/09/2019,41.845,3.8227,136
MA,100,288,04/18/2019,11.546,3.5107,128
MA,153,289,06/15/2019,23.681,3.7553,91
GD,183,267,11/08/2019,24.511,2.7959,171
GJ,170,218,11/23/2019,50.757,3.0053,183
GD,127,202,09/22/2019,46.956,2.3925,133
KQ,107,231,07/04/2019,40.978,2.756,170
NC,141,259,10/07/2019,11.317,3.4814,166
DA,195,219,10/15/2019,36.573,2.8079,180
DG,196,280,08/07/2019,37.693,3.3355,161
KH,173,269,06/25/2019,6.909,3.0089,138
MA,139,201,10/05/2019,5.732,2.866,123
DA,200,270,05/19/2019,21.053,2.9858,102
QH,150,282,04/10/2019,13.655,3.3723,126
FD,117,203,01/13/2019,47.986,2.1137,109
DM,168,224,02/09/2019,19.667,3.0829,121
GD,181,225,10/19/2019,17.083,2.5645,118
EC,131,260,07/23/2019,26.372,2.7014,147
GD,133,272,05/02/2019,17.116,2.929,114
DA,157,228,07/06/2019,20.248,2.967,121
MA,175,205,04/12/2019,22.521,2.9655,154
KQ,194,297,03/12/2019,33.712,3.8192,91
DM,164,208,08/14/2019,50.043,2.8215,97
FD,150,230,07/17/2019,12.92,2.6565,105
QH,129,207,05/14/2019,20.596,2.5592,101
DA,172,213,03/09/2019,44.936,2.853,154
GJ,185,250,03/16/2019,48.335,2.5469,166
MA,160,292,05/02/2019,44.283,3.1278,155
QH,191,264,05/21/2019,20.17,2.8689,103
KQ,115,236,07/11/2019,26.927,2.6797,108
GJ,133,249,07/20/2019,38.902,2.9586,156
DG,169,269,02/23/2019,39.492,3.0089,148
DX,105,243,04/05/2019,10.268,2.8157,120
DG,116,298,05/18/2019,33.558,3.6524,135
GJ,162,267,06/20/2019,13.53,2.7959,178
MA,161,290,04/11/2019,16.581,3.6566,90
GJ,104,230,04/17/2019,20.684,2.6565,183
FD,146,260,01/09/2019,33.444,2.7014,108
KQ,156,262,11/09/2019,36.576,3.173,110
FD,108,283,12/16/2019,37.792,3.0471,98
DM,166,248,11/25/2019,43.593,2.7491,195
KH,109,259,07/09/2019,14.351,3.4814,150
DA,193,256,06/25/2019,5.063,2.6911,169
DG,103,296,04/22/2019,19.269,3.0176,119
DX,103,278,03/21/2019,40.953,3.1942,122
MA,172,257,10/08/2019,40.592,2.6069,136
QH,196,207,04/07/2019,12.799,2.6256,155
BQ,143,221,07/09/2019,49.941,2.8143,170
DX,164,290,05/02/2019,31.823,3.6566,123
BQ,162,226,01/22/2019,48.343,3.032,180
NC,175,259,09/24/2019,40.997,3.4814,120
GJ,196,230,03/16/2019,26.135,2.6565,143
FD,104,291,11/06/2019,26.531,3.142,93
KQ,106,251,06/07/2019,44.382,2.5573,103
GJ,169,204,08/25/2019,44.932,2.1066,137
NC,190,208,12/03/2019,34.306,2.8215,155
MA,112,257,11/11/2019,25.931,2.6069,146
NC,153,234,10/23/2019,20.997,3.3284,155
EC,180,228,05/06/2019,27.037,2.967,109
NC,188,276,02/14/2019,45.801,3.5743,141
GD,168,251,06/15/2019,50.042,2.5573,140
GD,144,232,11/11/2019,32.358,2.4187,143
DX,192,273,12/23/2019,24.165,2.9807,138
BQ,166,282,06/19/2019,46.769,3.3723,102
DM,108,232,08/15/2019,50.355,2.342,173
GJ,169,284,01/07/2019,24.441,3.3381,134
GJ,128,231,02/11/2019,47.54,2.756,144
QH,121,290,09/05/2019,20.135,3.6566,128
NC,108,258,12/12/2019,12.691,3.3685,188
DG,149,277,06/02/2019,44.3,3.1782,110
MA,186,234,01/15/2019,40.487,3.3284,153
GD,129,203,11/02/2019,18.166,2.1137,165
MA,155,220,04/15/2019,12.041,2.4663,160
GJ,200,257,12/14/2019,5.795,2.9858,170
QH,129,226,08/05/2019,46.939,3.032,173
BQ,137,244,10/08/2019,29.744,3.0959,120
DA,161,290,03/10/2019,30.3,3.6566,119
BQ,144,287,12/23/2019,8.94,3.8227,102
DA,124,283,03/24/2019,17.744,3.0471,91
NC,197,293,07/25/2019,42.441,3.8575,172
GD,104,213,04/02/2019,39.401,2.853,128
DA,151,203,07/04/2019,35.887,2.1137,105
MA,198,241,10/07/2019,17.985,2.8749,116
EC,192,217,02/13/2019,14.27,2.8626,138
QH,132,264,09/05/2019,18.41,2.8689,169
DX,176,249,12/20/2019,39.491,2.9586,156
DA,107,218,03/10/2019,9.878,3.0053,127
DX,116,282,04/18/2019,26.232,3.3723,100
DG,127,226,09/12/2019,6.501,3.032,185
EC,160,231,11/25/2019,47.499,2.756,173
DA,198,258,03/19/2019,47.42,3.3685,192
NC,175,212,12/17/2019,22.863,2.7537,177
EC,159,202,12/25/2019,26.936,2.3925,139
DM,191,257,07/19/2019,36.126,2.6069,165
DX,137,225,04/22/2019,20.633,2.521,113
QH,122,277,02/21/2019,22.51,3.1782,118
DG,167,300,03/17/2019,35.377,3.7656,179
DM,156,217,11/24/2019,47.485,2.8626,124
FD,141,285,01/23/2019,49.69,3.7133,116
KH,107,220,02/19/2019,33.547,2.4663,159
QH,124,223,02/14/2019,20.287,2.5801,100
GJ,193,260,04/24/2019,14.629,2.7014,143
DG,193,208,10/24/2019,49.281,2.8215,133
EC,171,287,09/22/2019,22.578,3.8227,115
FD,168,207,05/23/2019,15.02,2.5592,184
KQ,144,274,12/17/2019,34.044,3.5451,175
GD,155,279,11/25/2019,29.687,3.6969,96
GD,137,295,04/15/2019,43.035,3.2614,183
NC,111,241,11/01/2019,49.92,2.8749,172
EC,144,238,06/25/2019,35.132,2.6282,123
DA,144,223,09/18/2019,6.321,2.5801,157
KH,121,242,11/11/2019,47.237,2.8058,145
DA,197,264,08/06/2019,43.423,2.8689,177
GJ,132,276,09/06/2019,6.229,3.5743,169
KH,183,297,01/24/2019,40.833,3.8192,171
QH,200,216,04/18/2019,8.49,3.0758,174
DA,159,273,02/23/2019,33.071,2.9807,144
DG,179,202,04/23/2019,29.052,2.7761,188
DG,128,278,10/20/2019,32.693,3.1942,151
DA,157,290,11/25/2019,15.148,3.6566,161
DG,198,300,10/02/2019,12.505,3.7656,132
DA,162,290,05/01/2019,49.182,3.6566,171
NC,134,233,04/25/2019,22.612,3.102,169
GJ,104,278,03/24/2019,35.797,3.1942,128
DG,113,254,12/09/2019,9.403,2.7602,114
GD,163,257,05/08/2019,19.975,2.6069,151
KQ,137,261,05/22/2019,22.963,2.6958,93
GD,170,207,02/11/2019,35.054,2.5592,194
DM,180,254,12/15/2019,12.252,2.7602,161
GD,111,257,03/07/2019,30.059,2.6069,109
GJ,118,296,04/25/2019,16.574,3.0176,120
MA,118,225,01/09/2019,40.552,2.521,97
KQ,172,242,10/15/2019,31.701,2.8058,185
KQ,127,231,02/17/2019,8.865,2.756,143
QH,114,219,03/21/2019,8.3,2.8079,136
DG,146,243,10/11/2019,9.558,2.8157,153
NC,137,292,05/17/2019,41.791,3.1278,182
KH,188,264,12/16/2019,5.187,2.8689,138
NC,138,202,08/15/2019,19.95,2.3925,193
DG,116,254,06/17/2019,26.329,2.7602,159
QH,170,282,11/21/2019,39.298,3.3723,103
GD,121,279,08/25/2019,18.711,3.6969,126
NC,163,229,10/03/2019,35.232,3.0343,120
DG,121,217,08/15/2019,14.868,2.8626,179
GJ,132,288,12/24/2019,16.363,3.5107,163
KQ,175,276,02/20/2019,19.396,3.5743,159
DM,179,241,09/14/2019,45.652,2.8749,162
KQ,111,276,09/23/2019,49.171,3.5743,139
QH,200,274,01/23/2019,7.846,3.5451,141
KH,165,229,08/25/2019,32.453,3.0343,139
NC,180,214,10/16/2019,46.506,3.015,124
GJ,114,221,01/19/2019,47.72,2.8143,94
DA,163,213,01/05/2019,17.471,2.853,99
KQ,122,228,03/21/2019,7.041,2.967,190
DA,118,218,07/15/2019,38.66,3.0053,126
FD,116,219,07/20/2019,34.364,2.8079,156
KH,149,284,02/10/2019,43.548,3.3381,191
DA,115,210,02/12/2019,36.678,3.0772,151
GJ,161,242,06/15/2019,10.717,2.8058,111
GD,110,238,10/13/2019,22.033,2.6282,117
FD,137,258,11/24/2019,20.132,3.3685,142
DG,183,253,11/18/2019,48.842,3.3583,173
FD,162,297,07/24/2019,13.873,3.8192,188
EC,183,230,05/05/2019,16.907,2.6565,151
DA,144,225,05/09/2019,5.938,2.521,134
GD,121,244,10/25/2019,9.788,3.0959,102
KH,126,224,04/20/2019,37.286,3.0829,99
KQ,180,263,07/23/2019,29.344,3.0751,182
MA,109,264,04/25/2019,45.283,2.8689,94
KH,157,224,02/04/2019,50.423,3.0829,109
QH,172,219,04/20/2019,45.714,2.8079,96
DA,124,275,10/17/2019,34.672,3.3317,107
EC,132,280,07/06/2019,6.081,3.3355,140
BQ,143,227,06/21/2019,11.735,2.4715,177
FD,116,224,06/16/2019,45.587,3.0829,162
NC,190,290,08/04/2019,29.227,3.6566,95
NC,194,258,08/09/2019,6.722,3.3685,148
BQ,138,204,08/11/2019,11.848,2.1131,120
KQ,151,217,04/11/2019,25.075,2.8626,169
GJ,134,242,10/13/2019,43.05,2.8058,97
QH,126,251,03/08/2019,40.91,2.5573,194
BQ,126,272,08/14/2019,26.654,2.929,121
KH,184,289,10/08/2019,41.326,3.7553,141
KQ,170,276,05/22/2019,20.903,3.5743,152
FD,197,209,05/13/2019,40.293,2.9477,192
KQ,156,256,05/05/2019,43.081,2.6911,121
BQ,125,257,05/18/2019,33.487,2.6069,112
NC,140,262,05/19/2019,10.302,3.173,138
FD,172,257,04/14/2019,46.148,2.6069,143
FD,134,206,07/02/2019,26.079,2.4866,130
BQ,191,263,03/15/2019,33.861,3.0751,91
KH,182,248,02/25/2019,10.436,2.7491,171
DX,152,250,06/05/2019,20.387,2.5469,99
DM,134,231,02/19/2019,15.856,2.756,187
DG,174,251,04/11/2019,26.597,2.5573,103
EC,152,263,05/17/2019,40.316,3.0751,172
GJ,138,225,08/02/2019,7.034,2.521,158
DM,144,279,10/16/2019,26.218,3.6969,155
GJ,166,201,08/13/2019,7.178,2.866,174
DA,121,241,06/23/2019,15.942,2.8749,174
BQ,182,240,12/19/2019,41.834,3.2427,120
KQ,159,242,06/18/2019,42.462,2.8058,179
GD,154,216,12/08/2019,28.189,3.0758,154
GJ,173,221,09/13/2019,35.933,2.8143,191
KH,158,300,05/25/2019,37.867,3.7656,159
KQ,192,241,01/21/2019,47.826,2.8749,142
FD,111,236,07/03/2019,34.361,2.6797,116
GD,187,266,12/22/2019,13.46,3.5317,181
QH,105,268,07/21/2019,23.5,2.9844,98
KQ,136,262,10/24/2019,27.551,3.173,129
KH,196,225,12/07/2019,34.933,2.6256,185
DX,171,245,06/12/2019,32.547,2.5591,128
DM,143,297,05/16/2019,37.127,3.8192,193
FD,130,291,01/14/2019,36.057,3.142,155
DA,101,206,09/03/2019,18.665,2.4866,127
DX,190,204,08/03/2019,5.782,2.1066,94
MA,134,216,01/25/2019,11.6,3.0758,190
GD,164,238,11/09/2019,14.594,2.6282,195
DM,177,201,03/22/2019,37.196,2.866,110
BQ,116,222,02/18/2019,13.761,3.0502,156
DG,180,206,06/06/2019,36.525,2.5014,176
DA,110,224,12/01/2019,50.842,3.0829,119
FD,187,290,07/20/2019,24.236,3.6566,121
DM,177,286,04/21/2019,47.897,3.1207,113
GD,161,214,08/05/2019,28.151,3.015,145
DG,181,273,10/02/2019,7.664,2.9807,100
KH,146,220,10/12/2019,50.488,2.4663,174
KH,108,245,03/23/2019,12.56,2.5591,126
MA,119,288,12/13/2019,21.786,3.5107,160
MA,188,293,12/18/2019,18.495,3.8575,93
KQ,158,218,10/13/2019,30.042,3.0053,125
DM,168,277,06/19/2019,16.398,3.1782,91
NC,135,249,12/11/2019,50.065,2.9586,185
DX,146,275,03/13/2019,16.086,3.3317,95
KQ,143,238,02/08/2019,26.126,2.6282,124
FD,186,203,12/21/2019,45.572,2.2679,134
GJ,125,296,12/06/2019,31.322,3.0176,116
QH,134,282,11/03/2019,22.363,3.3723,134
DM,133,265,01/02/2019,49.717,3.4389,95
DA,129,220,02/08/2019,10.297,2.4663,171
KH,183,227,04/03/2019,46.744,2.4715,171
NC,137,251,11/25/2019,14.538,2.5573,159
DG,143,240,01/09/2019,33.313,3.2427,116
DM,195,271,12/06/2019,5.891,3.4565,129
FD,191,274,01/12/2019,33.173,3.5451,106
MA,106,277,04/10/2019,32.427,3.1782,122
BQ,136,205,12/01/2019,11.512,2.9655,136
DA,156,280,04/23/2019,28.272,3.3355,118
KH,188,226,06/05/2019,13.496,3.032,161
BQ,158,252,05/16/2019,29.298,2.7878,158
NC,124,291,02/18/2019,50.691,3.142,97
QH,182,238,05/09/2019,40.326,2.6282,183
GJ,157,285,11/20/2019,44.844,3.7133,148
NC,186,232,05/25/2019,28.053,2.342,95
NC,196,284,11/01/2019,33.121,3.3381,163
KQ,168,241,03/03/2019,31.362,2.8749,143
FD,175,217,01/18/2019,48.25,2.8626,191
KH,142,272,10/06/2019,22.853,2.929,145
KQ,176,281,05/23/2019,45.932,3.2165,157
QH,157,291,12/05/2019,29.289,3.142,114
EC,146,265,01/01/2019,21.445,3.4389,95
DA,108,295,05/08/2019,26.728,3.2614,115
MA,105,210,01/03/2019,37.815,3.0772,153
GJ,115,289,08/18/2019,7.237,3.7553,111
GJ,170,236,08/11/2019,45.332,2.6797,119
QH,183,208,07/15/2019,23.774,2.8215,113
DG,119,226,01/12/2019,11.757,3.032,152
NC,118,243,09/16/2019,50.86,2.8157,186
DM,168,249,08/16/2019,32.759,2.9586,155
DG,165,295,10/25/2019,41.869,3.2614,176
MA,189,293,04/05/2019,44.623,3.8575,121
KQ,187,275,02/04/2019,15.809,3.3317,112
KH,175,223,07/12/2019,50.846,2.5801,117
NC,109,231,02/04/2019,20.306,2.756,176
DM,162,216,11/08/2019,10.479,3.0758,154
BQ,105,231,07/22/2019,13.092,2.756,162
GD,136,221,08/03/2019,32.198,2.8143,97
KH,104,204,07/08/2019,31.034,2.1066,148
DA,118,275,09/19/2019,24.768,3.3317,153
MA,195,251,12/12/2019,26.027,2.6522,126
DA,178,201,03/07/2019,46.259,2.866,189
DM,113,266,05/19/2019,50.771,3.5317,107
KQ,192,202,08/24/2019,29.526,2.3925,103
DX,157,291,02/06/2019,48.906,3.142,100
EC,171,298,10/05/2019,25.727,3.6524,137
KH,125,265,03/12/2019,36.05,3.4389,128
BQ,183,264,12/02/2019,25.04,2.8689,100
DA,172,245,09/15/2019,39.147,2.5591,163
FD,189,208,11/12/2019,42.265,2.8215,123
DG,194,202,07/25/2019,45.686,2.4107,145
QH,101,256,07/23/2019,25.406,2.6911,136
NC,192,253,02/08/2019,50.358,3.3583,153
FD,113,235,08/12/2019,46.815,2.3718,190
BQ,122,221,03/25/2019,18.146,2.8143,193
GD,104,226,01/07/2019,39.479,3.032,189
MA,136,262,06/23/2019,49.239,3.173,129
KQ,135,249,05/07/2019,27.453,2.9586,102
EC,134,238,08/16/2019,22.631,2.6282,105
DM,188,262,12/14/2019,14.515,3.173,185
QH,189,254,11/12/2019,42.663,2.7602,138
GJ,124,232,09/19/2019,36.508,2.342,174
NC,172,252,07/17/2019,8.253,2.7878,183
GD,151,260,03/20/2019,16.253,2.7014,109
NC,150,291,06/13/2019,31.86,3.142,105
QH,195,280,08/25/2019,28.623,3.3355,170
DM,195,261,04/16/2019,42.861,2.6958,179
DX,139,244,05/18/2019,37.48,3.0959,161
MA,121,205,08/19/2019,12.331,2.9655,138
KQ,166,225,04/16/2019,26.087,2.521,156
GD,138,270,08/09/2019,29.431,2.9082,132
KH,117,252,10/20/2019,39.375,2.7878,125
DA,128,290,12/23/2019,38.901,3.6566,161
GD,155,251,09/19/2019,41.167,2.5573,180
FD,150,260,11/24/2019,40.171,2.7014,100
DA,167,252,07/17/2019,17.375,2.7878,98
GD,123,207,09/02/2019,42.065,2.5592,179
DM,102,258,06/15/2019,9.644,3.3685,114
KQ,184,214,01/23/2019,18.416,3.015,136
DG,193,229,08/03/2019,10.668,3.0343,166
QH,192,268,09/24/2019,6.781,2.9844,149
DX,102,259,01/21/2019,11.121,3.4814,91
DG,154,232,06/04/2019,12.611,2.342,132
DX,107,233,09/13/2019,9.825,3.102,112
FD,197,293,09/06/2019,6.674,3.8575,118
QH,134,209,02/03/2019,5.627,2.9477,151
MA,200,218,08/25/2019,25.783,3.0053,94
MA,119,213,03/16/2019,19.112,2.853,171
GJ,196,288,05/04/2019,26.67,3.5107,140
FD,119,259,11/17/2019,14.918,3.4814,189
NC,108,288,10/14/2019,42.263,3.5107,142
KQ,143,280,08/18/2019,15.839,3.3355,159
FD,104,253,02/13/2019,5.43,3.3583,141
DG,157,296,04/06/2019,44.281,3.0176,177
BQ,164,206,04/19/2019,13.785,2.4866,108
KH,102,233,05/22/2019,35.316,3.102,99
GD,121,292,09/01/2019,29.556,3.1278,156
EC,141,239,08/17/2019,6.298,2.6335,125
DA,181,259,12/13/2019,32.204,3.4814,147
DX,165,236,03/08/2019,7.784,2.6797,173
NC,199,257,01/19/2019,49.49,2.6069,112
FD,198,300,04/16/2019,20.412,3.7656,134
QH,191,244,07/23/2019,5.194,3.0959,129
KH,120,263,02/22/2019,19.561,3.0751,162
MA,188,219,10/07/2019,14.739,2.8079,174
FD,112,294,12/02/2019,25.484,3.1589,187
BQ,122,264,10/10/2019,13.867,2.8689,137
NC,104,283,07/19/2019,30.708,3.0471,132
GD,191,202,05/07/2019,49.786,2.3925,135
GD,104,276,03/15/2019,12.453,3.5743,185
KQ,128,230,12/02/2019,49.266,2.6565,134
DA,130,270,07/04/2019,37.93,2.9082,135
KQ,158,269,03/01/2019,32.405,3.0089,176
EC,184,217,10/19/2019,38.834,2.8626,96
KQ,148,275,06/07/2019,34.615,3.3317,181
GJ,168,222,04/10/2019,20.035,3.0502,173
QH,139,252,05/14/2019,42.598,2.7878,128
MA,135,258,09/07/2019,31.874,3.3685,93
EC,136,238,10/05/2019,30.81,2.6282,96
KH,186,251,03/25/2019,31.672,2.5573,175
KQ,140,286,07/21/2019,19.098,3.1207,134
GD,118,224,09/13/2019,41.045,3.0829,107
DA,152,264,08/22/2019,22.438,2.8689,120
BQ,140,209,09/17/2019,15.236,2.9477,148
GJ,159,263,02/06/2019,15.772,3.0751,182
FD,155,214,11/01/2019,44.736,3.015,148
FD,107,230,01/08/2019,14.998,2.6565,165
DG,129,300,12/05/2019,19.685,3.7656,119
DX,187,236,02/16/2019,49.215,2.6797,124
DA,125,262,10/14/2019,21.084,3.173,118
DM,100,279,03/08/2019,29.108,3.6969,145
KQ,127,238,04/07/2019,9.502,2.6282,101
KQ,166,272,05/18/2019,22.297,2.929,109
DG,137,231,02/12/2019,8.366,2.756,185
KQ,189,207,03/07/2019,13.192,2.68,148
NC,193,232,07/17/2019,39.254,2.342,153
QH,197,294,07/23/2019,31.322,3.1589,116
GD,191,284,04/17/2019,17.737,3.3381,101
DM,130,238,08/17/2019,40.826,2.6282,101
KH,104,245,11/10/2019,28.88,2.5591,132
DM,162,297,10/19/2019,7.589,3.8192,90
DM,101,288,11/05/2019,49.717,3.5107,187
NC,174,274,01/05/2019,8.25,3.5451,190
DX,190,230,05/03/2019,34.312,2.6565,187
EC,127,257,11/03/2019,21.052,2.6069,159
QH,133,246,07/19/2019,13.492,3.1293,106
DA,151,288,12/25/2019,11.244,3.5107,184
BQ,107,202,04/04/2019,11.731,2.3925,172
BQ,136,230,12/13/2019,12.474,2.6565,177
KQ,136,250,02/13/2019,50.292,2.5469,97
DM,131,281,09/15/2019,23.928,3.2165,186
GD,140,209,10/03/2019,11.137,2.9477,134
KH,153,222,03/08/2019,39.069,3.0502,118
NC,145,212,02/04/2019,11.773,2.7537,93
GD,191,236,03/22/2019,19.748,2.6797,186
DG,145,238,08/21/2019,25.186,2.6282,103
KH,158,296,02/25/2019,18.372,3.0176,100
DG,134,291,02/20/2019,40.81,3.142,162
GJ,171,275,11/14/2019,6.779,3.3317,116
FD,120,202,04/12/2019,17.762,2.3925,173
DG,189,222,10/08/2019,18.327,3.0502,194
MA,146,215,01/20/2019,28.453,2.4507,155
GJ,197,212,01/16/2019,33.459,2.7537,172
DX,154,250,12/15/2019,40.696,2.5469,182
DM,175,208,10/16/2019,34.822,2.8215,95
KH,153,282,11/20/2019,44.86,3.3723,135
QH,147,274,12/07/2019,10.879,3.5451,108
DA,117,257,10/24/2019,50.223,2.6069,92
MA,162,267,06/15/2019,26.349,2.7959,109
KH,123,229,08/09/2019,25.87,3.0343,169
QH,110,255,11/15/2019,10.671,3.5192,144
DG,182,259,07/12/2019,7.888,3.4814,135
GJ,137,267,09/10/2019,15.45,2.7959,162
NC,175,203,02/19/2019,9.819,2.5327,184
EC,191,217,07/19/2019,39.879,2.8626,188
KQ,168,234,12/06/2019,12.263,3.3284,185
DG,139,281,06/14/2019,34.04,3.2165,94
KH,151,209,08/20/2019,27.275,2.9477,184
DX,140,221,08/14/2019,39.458,2.8143,148
FD,138,226,06/13/2019,14.507,3.032,100
GJ,113,241,05/02/2019,23.135,2.8749,106
FD,132,248,08/21/2019,31.753,2.7491,138
NC,183,248,04/06/2019,24.149,2.7491,147
DM,153,289,07/09/2019,40.225,3.7553,101
BQ,180,300,01/03/2019,15.457,3.7656,141
DG,101,219,05/06/2019,25.77,2.8079,106
QH,107,295,03/05/2019,20.27,3.2614,138
DX,140,281,05/25/2019,14.327,3.2165,190
KQ,151,205,04/14/2019,46.453,2.9655,114
QH,173,287,03/09/2019,14.697,3.8227,133
NC,123,226,01/19/2019,19.341,3.032,133
QH,105,273,02/06/2019,33.373,2.9807,113
QH,102,239,01/22/2019,15.061,2.6335,109
GD,171,212,05/05/2019,45.932,2.7537,121
DG,126,265,11/07/2019,32.859,3.4389,123
KQ,181,241,12/03/2019,34.624,2.8749,162
KQ,131,211,08/05/2019,30.225,2.1544,164
EC,130,284,06/04/2019,17.911,3.3381,190
DM,169,280,05/13/2019,20.465,3.3355,144
GJ,141,299,12/08/2019,7.823,3.1374,163
DG,188,204,09/18/2019,27.417,2.1066,139
NC,154,294,02/13/2019,20.193,3.1589,98
GD,185,213,01/25/2019,42.539,2.853,144
BQ,199,273,02/20/2019,39.614,2.9807,135
DA,117,235,08/02/2019,37.845,2.3718,165
KH,195,202,05/20/2019,21.611,2.6522,179
DG,108,237,03/05/2019,27.91,2.9343,151
BQ,138,300,10/04/2019,44.503,3.7656,130
EC,103,267,03/05/2019,28.89,2.7959,169
KQ,142,277,06/03/2019,40.843,3.1782,95
DX,184,226,12/08/2019,13.637,3.032,120
DX,124,204,11/02/2019,8.973,2.1066,109
KQ,131,243,05/02/2019,17.441,2.8157,125
GD,189,238,05/19/2019,49.129,2.68,180
GD,190,231,05/03/2019,8.619,2.756,127
KH,192,256,01/08/2019,11.054,2.6911,167
DA,159,295,07/06/2019,12.786,3.2614,179
DM,138,267,07/07/2019,20.819,2.7959,90
EC,122,247,10/01/2019,8.944,3.243,139
DX,192,299,03/03/2019,5.422,3.1374,129
KQ,149,283,05/05/2019,37.755,3.0471,193
DG,104,241,01/09/2019,30.719,2.8749,125
DX,138,219,04/09/2019,46.819,2.8079,152
KH,200,259,07/22/2019,44.245,3.4814,186
DM,138,285,03/25/2019,41.328,3.7133,163
KH,156,225,04/13/2019,45.903,2.521,132
KH,125,255,07/23/2019,45.378,3.5192,136
DM,113,212,06/13/2019,6.897,2.7537,91
KQ,189,300,11/05/2019,50.291,3.7656,195
MA,197,241,02/10/2019,29.601,2.8749,135
DX,141,283,09/17/2019,40.682,3.0471,127
GD,187,230,04/21/2019,50.983,2.6565,173
